{
  "mean": 127.3207517246848,
  "std": 41.18202139939633
}
